lead_id,company,person,email,email_valid,vertical,step,subject,body,linkedin_connect,linkedin_dm
8908d0477b,Maki People,,,False,HR-tech,1,ai act · Maki People,"Maki People's LLM for your LLM-driven decisions is high-risk under the EU AI Act (live Aug 2026), and providers change models with no changelog.
Verispect proves yours isn't drifting/biased in 1 line of code — we never see your data.
Free 5-min snapshot of your model? https://verispectai.com/founding

— Ajay, Verispect · https://verispectai.com/founding?unsub=8908d0477b to opt out",Maki People runs LLMs in your LLM-driven decisions; that's high-risk under the EU AI Act from Aug 2026. Built Verispect to prove a model isn't biased/drifting in 1 line (we never see your data). Worth connecting?,"thanks! quick + real: Aug 2026 the AI Act needs your your LLM-driven decisions model to prove no bias/drift. Verispect does it in one line, we never see your data.
free 5-min snapshot of Maki People's model? just your real numbers, no pitch."
9df5588b9a,HrFlow.ai,,,False,HR-tech,1,ai act · HrFlow.ai,"HrFlow.ai's LLM for your LLM-driven decisions is high-risk under the EU AI Act (live Aug 2026), and providers change models with no changelog.
Verispect proves yours isn't drifting/biased in 1 line of code — we never see your data.
Free 5-min snapshot of your model? https://verispectai.com/founding

— Ajay, Verispect · https://verispectai.com/founding?unsub=9df5588b9a to opt out",HrFlow.ai runs LLMs in your LLM-driven decisions; that's high-risk under the EU AI Act from Aug 2026. Built Verispect to prove a model isn't biased/drifting in 1 line (we never see your data). Worth connecting?,"thanks! quick + real: Aug 2026 the AI Act needs your your LLM-driven decisions model to prove no bias/drift. Verispect does it in one line, we never see your data.
free 5-min snapshot of HrFlow.ai's model? just your real numbers, no pitch."
c935745342,Dex,,,False,HR-tech,1,ai act · Dex,"Dex's LLM for your LLM-driven decisions is high-risk under the EU AI Act (live Aug 2026), and providers change models with no changelog.
Verispect proves yours isn't drifting/biased in 1 line of code — we never see your data.
Free 5-min snapshot of your model? https://verispectai.com/founding

— Ajay, Verispect · https://verispectai.com/founding?unsub=c935745342 to opt out",Dex runs LLMs in your LLM-driven decisions; that's high-risk under the EU AI Act from Aug 2026. Built Verispect to prove a model isn't biased/drifting in 1 line (we never see your data). Worth connecting?,"thanks! quick + real: Aug 2026 the AI Act needs your your LLM-driven decisions model to prove no bias/drift. Verispect does it in one line, we never see your data.
free 5-min snapshot of Dex's model? just your real numbers, no pitch."
7569cb73d1,Carv,,,False,HR-tech,1,ai act · Carv,"Carv's LLM for your LLM-driven decisions is high-risk under the EU AI Act (live Aug 2026), and providers change models with no changelog.
Verispect proves yours isn't drifting/biased in 1 line of code — we never see your data.
Free 5-min snapshot of your model? https://verispectai.com/founding

— Ajay, Verispect · https://verispectai.com/founding?unsub=7569cb73d1 to opt out",Carv runs LLMs in your LLM-driven decisions; that's high-risk under the EU AI Act from Aug 2026. Built Verispect to prove a model isn't biased/drifting in 1 line (we never see your data). Worth connecting?,"thanks! quick + real: Aug 2026 the AI Act needs your your LLM-driven decisions model to prove no bias/drift. Verispect does it in one line, we never see your data.
free 5-min snapshot of Carv's model? just your real numbers, no pitch."
95f14f9d39,Empion,,,False,HR-tech,1,ai act · Empion,"Empion's LLM for your LLM-driven decisions is high-risk under the EU AI Act (live Aug 2026), and providers change models with no changelog.
Verispect proves yours isn't drifting/biased in 1 line of code — we never see your data.
Free 5-min snapshot of your model? https://verispectai.com/founding

— Ajay, Verispect · https://verispectai.com/founding?unsub=95f14f9d39 to opt out",Empion runs LLMs in your LLM-driven decisions; that's high-risk under the EU AI Act from Aug 2026. Built Verispect to prove a model isn't biased/drifting in 1 line (we never see your data). Worth connecting?,"thanks! quick + real: Aug 2026 the AI Act needs your your LLM-driven decisions model to prove no bias/drift. Verispect does it in one line, we never see your data.
free 5-min snapshot of Empion's model? just your real numbers, no pitch."
dfddb46750,Retorio,,,False,HR-tech,1,ai act · Retorio,"Retorio's LLM for your LLM-driven decisions is high-risk under the EU AI Act (live Aug 2026), and providers change models with no changelog.
Verispect proves yours isn't drifting/biased in 1 line of code — we never see your data.
Free 5-min snapshot of your model? https://verispectai.com/founding

— Ajay, Verispect · https://verispectai.com/founding?unsub=dfddb46750 to opt out",Retorio runs LLMs in your LLM-driven decisions; that's high-risk under the EU AI Act from Aug 2026. Built Verispect to prove a model isn't biased/drifting in 1 line (we never see your data). Worth connecting?,"thanks! quick + real: Aug 2026 the AI Act needs your your LLM-driven decisions model to prove no bias/drift. Verispect does it in one line, we never see your data.
free 5-min snapshot of Retorio's model? just your real numbers, no pitch."
e875c3d760,Tengai,,,False,HR-tech,1,ai act · Tengai,"Tengai's LLM for your LLM-driven decisions is high-risk under the EU AI Act (live Aug 2026), and providers change models with no changelog.
Verispect proves yours isn't drifting/biased in 1 line of code — we never see your data.
Free 5-min snapshot of your model? https://verispectai.com/founding

— Ajay, Verispect · https://verispectai.com/founding?unsub=e875c3d760 to opt out",Tengai runs LLMs in your LLM-driven decisions; that's high-risk under the EU AI Act from Aug 2026. Built Verispect to prove a model isn't biased/drifting in 1 line (we never see your data). Worth connecting?,"thanks! quick + real: Aug 2026 the AI Act needs your your LLM-driven decisions model to prove no bias/drift. Verispect does it in one line, we never see your data.
free 5-min snapshot of Tengai's model? just your real numbers, no pitch."
07807e8248,Vinter,,,False,HR-tech,1,ai act · Vinter,"Vinter's LLM for your LLM-driven decisions is high-risk under the EU AI Act (live Aug 2026), and providers change models with no changelog.
Verispect proves yours isn't drifting/biased in 1 line of code — we never see your data.
Free 5-min snapshot of your model? https://verispectai.com/founding

— Ajay, Verispect · https://verispectai.com/founding?unsub=07807e8248 to opt out",Vinter runs LLMs in your LLM-driven decisions; that's high-risk under the EU AI Act from Aug 2026. Built Verispect to prove a model isn't biased/drifting in 1 line (we never see your data). Worth connecting?,"thanks! quick + real: Aug 2026 the AI Act needs your your LLM-driven decisions model to prove no bias/drift. Verispect does it in one line, we never see your data.
free 5-min snapshot of Vinter's model? just your real numbers, no pitch."
8132b04ce5,Alva Labs,,,False,HR-tech,1,ai act · Alva Labs,"Alva Labs's LLM for your LLM-driven decisions is high-risk under the EU AI Act (live Aug 2026), and providers change models with no changelog.
Verispect proves yours isn't drifting/biased in 1 line of code — we never see your data.
Free 5-min snapshot of your model? https://verispectai.com/founding

— Ajay, Verispect · https://verispectai.com/founding?unsub=8132b04ce5 to opt out",Alva Labs runs LLMs in your LLM-driven decisions; that's high-risk under the EU AI Act from Aug 2026. Built Verispect to prove a model isn't biased/drifting in 1 line (we never see your data). Worth connecting?,"thanks! quick + real: Aug 2026 the AI Act needs your your LLM-driven decisions model to prove no bias/drift. Verispect does it in one line, we never see your data.
free 5-min snapshot of Alva Labs's model? just your real numbers, no pitch."
23d1665981,Sapia.ai,,,False,HR-tech,1,ai act · Sapia.ai,"Sapia.ai's LLM for your LLM-driven decisions is high-risk under the EU AI Act (live Aug 2026), and providers change models with no changelog.
Verispect proves yours isn't drifting/biased in 1 line of code — we never see your data.
Free 5-min snapshot of your model? https://verispectai.com/founding

— Ajay, Verispect · https://verispectai.com/founding?unsub=23d1665981 to opt out",Sapia.ai runs LLMs in your LLM-driven decisions; that's high-risk under the EU AI Act from Aug 2026. Built Verispect to prove a model isn't biased/drifting in 1 line (we never see your data). Worth connecting?,"thanks! quick + real: Aug 2026 the AI Act needs your your LLM-driven decisions model to prove no bias/drift. Verispect does it in one line, we never see your data.
free 5-min snapshot of Sapia.ai's model? just your real numbers, no pitch."
c0b885fe69,Applied,,,False,HR-tech,1,ai act · Applied,"Applied's LLM for your LLM-driven decisions is high-risk under the EU AI Act (live Aug 2026), and providers change models with no changelog.
Verispect proves yours isn't drifting/biased in 1 line of code — we never see your data.
Free 5-min snapshot of your model? https://verispectai.com/founding

— Ajay, Verispect · https://verispectai.com/founding?unsub=c0b885fe69 to opt out",Applied runs LLMs in your LLM-driven decisions; that's high-risk under the EU AI Act from Aug 2026. Built Verispect to prove a model isn't biased/drifting in 1 line (we never see your data). Worth connecting?,"thanks! quick + real: Aug 2026 the AI Act needs your your LLM-driven decisions model to prove no bias/drift. Verispect does it in one line, we never see your data.
free 5-min snapshot of Applied's model? just your real numbers, no pitch."
daba68e3c0,Maki/Neobrain,,,False,HR-tech,1,ai act · Maki/Neobrain,"Maki/Neobrain's LLM for your LLM-driven decisions is high-risk under the EU AI Act (live Aug 2026), and providers change models with no changelog.
Verispect proves yours isn't drifting/biased in 1 line of code — we never see your data.
Free 5-min snapshot of your model? https://verispectai.com/founding

— Ajay, Verispect · https://verispectai.com/founding?unsub=daba68e3c0 to opt out",Maki/Neobrain runs LLMs in your LLM-driven decisions; that's high-risk under the EU AI Act from Aug 2026. Built Verispect to prove a model isn't biased/drifting in 1 line (we never see your data). Worth connecting?,"thanks! quick + real: Aug 2026 the AI Act needs your your LLM-driven decisions model to prove no bias/drift. Verispect does it in one line, we never see your data.
free 5-min snapshot of Maki/Neobrain's model? just your real numbers, no pitch."
6ae4e78789,AssessFirst,,,False,HR-tech,1,ai act · AssessFirst,"AssessFirst's LLM for your LLM-driven decisions is high-risk under the EU AI Act (live Aug 2026), and providers change models with no changelog.
Verispect proves yours isn't drifting/biased in 1 line of code — we never see your data.
Free 5-min snapshot of your model? https://verispectai.com/founding

— Ajay, Verispect · https://verispectai.com/founding?unsub=6ae4e78789 to opt out",AssessFirst runs LLMs in your LLM-driven decisions; that's high-risk under the EU AI Act from Aug 2026. Built Verispect to prove a model isn't biased/drifting in 1 line (we never see your data). Worth connecting?,"thanks! quick + real: Aug 2026 the AI Act needs your your LLM-driven decisions model to prove no bias/drift. Verispect does it in one line, we never see your data.
free 5-min snapshot of AssessFirst's model? just your real numbers, no pitch."
d3c472e87e,Orbio,,,False,HR-tech,1,ai act · Orbio,"Orbio's LLM for your LLM-driven decisions is high-risk under the EU AI Act (live Aug 2026), and providers change models with no changelog.
Verispect proves yours isn't drifting/biased in 1 line of code — we never see your data.
Free 5-min snapshot of your model? https://verispectai.com/founding

— Ajay, Verispect · https://verispectai.com/founding?unsub=d3c472e87e to opt out",Orbio runs LLMs in your LLM-driven decisions; that's high-risk under the EU AI Act from Aug 2026. Built Verispect to prove a model isn't biased/drifting in 1 line (we never see your data). Worth connecting?,"thanks! quick + real: Aug 2026 the AI Act needs your your LLM-driven decisions model to prove no bias/drift. Verispect does it in one line, we never see your data.
free 5-min snapshot of Orbio's model? just your real numbers, no pitch."
207b0f21b1,Wrksense,,,False,HR-tech,1,ai act · Wrksense,"Wrksense's LLM for your LLM-driven decisions is high-risk under the EU AI Act (live Aug 2026), and providers change models with no changelog.
Verispect proves yours isn't drifting/biased in 1 line of code — we never see your data.
Free 5-min snapshot of your model? https://verispectai.com/founding

— Ajay, Verispect · https://verispectai.com/founding?unsub=207b0f21b1 to opt out",Wrksense runs LLMs in your LLM-driven decisions; that's high-risk under the EU AI Act from Aug 2026. Built Verispect to prove a model isn't biased/drifting in 1 line (we never see your data). Worth connecting?,"thanks! quick + real: Aug 2026 the AI Act needs your your LLM-driven decisions model to prove no bias/drift. Verispect does it in one line, we never see your data.
free 5-min snapshot of Wrksense's model? just your real numbers, no pitch."
1f602c7c04,HrFlow/Carv tier,,,False,HR-tech,1,ai act · HrFlow/Carv tier,"HrFlow/Carv tier's LLM for your LLM-driven decisions is high-risk under the EU AI Act (live Aug 2026), and providers change models with no changelog.
Verispect proves yours isn't drifting/biased in 1 line of code — we never see your data.
Free 5-min snapshot of your model? https://verispectai.com/founding

— Ajay, Verispect · https://verispectai.com/founding?unsub=1f602c7c04 to opt out",HrFlow/Carv tier runs LLMs in your LLM-driven decisions; that's high-risk under the EU AI Act from Aug 2026. Built Verispect to prove a model isn't biased/drifting in 1 line (we never see your data). Worth connecting?,"thanks! quick + real: Aug 2026 the AI Act needs your your LLM-driven decisions model to prove no bias/drift. Verispect does it in one line, we never see your data.
free 5-min snapshot of HrFlow/Carv tier's model? just your real numbers, no pitch."
fb70c374f9,TestGorilla,,,False,HR-tech,1,ai act · TestGorilla,"TestGorilla's LLM for your LLM-driven decisions is high-risk under the EU AI Act (live Aug 2026), and providers change models with no changelog.
Verispect proves yours isn't drifting/biased in 1 line of code — we never see your data.
Free 5-min snapshot of your model? https://verispectai.com/founding

— Ajay, Verispect · https://verispectai.com/founding?unsub=fb70c374f9 to opt out",TestGorilla runs LLMs in your LLM-driven decisions; that's high-risk under the EU AI Act from Aug 2026. Built Verispect to prove a model isn't biased/drifting in 1 line (we never see your data). Worth connecting?,"thanks! quick + real: Aug 2026 the AI Act needs your your LLM-driven decisions model to prove no bias/drift. Verispect does it in one line, we never see your data.
free 5-min snapshot of TestGorilla's model? just your real numbers, no pitch."
db9acb32d1,Globus.ai,,,False,HR-tech,1,ai act · Globus.ai,"Globus.ai's LLM for your LLM-driven decisions is high-risk under the EU AI Act (live Aug 2026), and providers change models with no changelog.
Verispect proves yours isn't drifting/biased in 1 line of code — we never see your data.
Free 5-min snapshot of your model? https://verispectai.com/founding

— Ajay, Verispect · https://verispectai.com/founding?unsub=db9acb32d1 to opt out",Globus.ai runs LLMs in your LLM-driven decisions; that's high-risk under the EU AI Act from Aug 2026. Built Verispect to prove a model isn't biased/drifting in 1 line (we never see your data). Worth connecting?,"thanks! quick + real: Aug 2026 the AI Act needs your your LLM-driven decisions model to prove no bias/drift. Verispect does it in one line, we never see your data.
free 5-min snapshot of Globus.ai's model? just your real numbers, no pitch."
76cca9e877,Beamery,,,False,HR-tech,1,ai act · Beamery,"Beamery's LLM for your LLM-driven decisions is high-risk under the EU AI Act (live Aug 2026), and providers change models with no changelog.
Verispect proves yours isn't drifting/biased in 1 line of code — we never see your data.
Free 5-min snapshot of your model? https://verispectai.com/founding

— Ajay, Verispect · https://verispectai.com/founding?unsub=76cca9e877 to opt out",Beamery runs LLMs in your LLM-driven decisions; that's high-risk under the EU AI Act from Aug 2026. Built Verispect to prove a model isn't biased/drifting in 1 line (we never see your data). Worth connecting?,"thanks! quick + real: Aug 2026 the AI Act needs your your LLM-driven decisions model to prove no bias/drift. Verispect does it in one line, we never see your data.
free 5-min snapshot of Beamery's model? just your real numbers, no pitch."
52a361677b,HeyJobs,,,False,HR-tech,1,ai act · HeyJobs,"HeyJobs's LLM for your LLM-driven decisions is high-risk under the EU AI Act (live Aug 2026), and providers change models with no changelog.
Verispect proves yours isn't drifting/biased in 1 line of code — we never see your data.
Free 5-min snapshot of your model? https://verispectai.com/founding

— Ajay, Verispect · https://verispectai.com/founding?unsub=52a361677b to opt out",HeyJobs runs LLMs in your LLM-driven decisions; that's high-risk under the EU AI Act from Aug 2026. Built Verispect to prove a model isn't biased/drifting in 1 line (we never see your data). Worth connecting?,"thanks! quick + real: Aug 2026 the AI Act needs your your LLM-driven decisions model to prove no bias/drift. Verispect does it in one line, we never see your data.
free 5-min snapshot of HeyJobs's model? just your real numbers, no pitch."
06c61737a2,Job&Talent,,,False,HR-tech,1,ai act · Job&Talent,"Job&Talent's LLM for your LLM-driven decisions is high-risk under the EU AI Act (live Aug 2026), and providers change models with no changelog.
Verispect proves yours isn't drifting/biased in 1 line of code — we never see your data.
Free 5-min snapshot of your model? https://verispectai.com/founding

— Ajay, Verispect · https://verispectai.com/founding?unsub=06c61737a2 to opt out",Job&Talent runs LLMs in your LLM-driven decisions; that's high-risk under the EU AI Act from Aug 2026. Built Verispect to prove a model isn't biased/drifting in 1 line (we never see your data). Worth connecting?,"thanks! quick + real: Aug 2026 the AI Act needs your your LLM-driven decisions model to prove no bias/drift. Verispect does it in one line, we never see your data.
free 5-min snapshot of Job&Talent's model? just your real numbers, no pitch."
a54479657e,Taktile,,,False,Fintech,1,ai act · Taktile,"Taktile's LLM for your LLM-driven decisions is high-risk under the EU AI Act (live Aug 2026), and providers change models with no changelog.
Verispect proves yours isn't drifting/biased in 1 line of code — we never see your data.
Free 5-min snapshot of your model? https://verispectai.com/founding

— Ajay, Verispect · https://verispectai.com/founding?unsub=a54479657e to opt out",Taktile runs LLMs in your LLM-driven decisions; that's high-risk under the EU AI Act from Aug 2026. Built Verispect to prove a model isn't biased/drifting in 1 line (we never see your data). Worth connecting?,"thanks! quick + real: Aug 2026 the AI Act needs your your LLM-driven decisions model to prove no bias/drift. Verispect does it in one line, we never see your data.
free 5-min snapshot of Taktile's model? just your real numbers, no pitch."
e19bf99fbf,Banxware,,,False,Fintech,1,ai act · Banxware,"Banxware's LLM for your LLM-driven decisions is high-risk under the EU AI Act (live Aug 2026), and providers change models with no changelog.
Verispect proves yours isn't drifting/biased in 1 line of code — we never see your data.
Free 5-min snapshot of your model? https://verispectai.com/founding

— Ajay, Verispect · https://verispectai.com/founding?unsub=e19bf99fbf to opt out",Banxware runs LLMs in your LLM-driven decisions; that's high-risk under the EU AI Act from Aug 2026. Built Verispect to prove a model isn't biased/drifting in 1 line (we never see your data). Worth connecting?,"thanks! quick + real: Aug 2026 the AI Act needs your your LLM-driven decisions model to prove no bias/drift. Verispect does it in one line, we never see your data.
free 5-min snapshot of Banxware's model? just your real numbers, no pitch."
a81d410410,Karmen,,,False,Fintech,1,ai act · Karmen,"Karmen's LLM for your LLM-driven decisions is high-risk under the EU AI Act (live Aug 2026), and providers change models with no changelog.
Verispect proves yours isn't drifting/biased in 1 line of code — we never see your data.
Free 5-min snapshot of your model? https://verispectai.com/founding

— Ajay, Verispect · https://verispectai.com/founding?unsub=a81d410410 to opt out",Karmen runs LLMs in your LLM-driven decisions; that's high-risk under the EU AI Act from Aug 2026. Built Verispect to prove a model isn't biased/drifting in 1 line (we never see your data). Worth connecting?,"thanks! quick + real: Aug 2026 the AI Act needs your your LLM-driven decisions model to prove no bias/drift. Verispect does it in one line, we never see your data.
free 5-min snapshot of Karmen's model? just your real numbers, no pitch."
7015c6547a,Defacto,,,False,Fintech,1,ai act · Defacto,"Defacto's LLM for your LLM-driven decisions is high-risk under the EU AI Act (live Aug 2026), and providers change models with no changelog.
Verispect proves yours isn't drifting/biased in 1 line of code — we never see your data.
Free 5-min snapshot of your model? https://verispectai.com/founding

— Ajay, Verispect · https://verispectai.com/founding?unsub=7015c6547a to opt out",Defacto runs LLMs in your LLM-driven decisions; that's high-risk under the EU AI Act from Aug 2026. Built Verispect to prove a model isn't biased/drifting in 1 line (we never see your data). Worth connecting?,"thanks! quick + real: Aug 2026 the AI Act needs your your LLM-driven decisions model to prove no bias/drift. Verispect does it in one line, we never see your data.
free 5-min snapshot of Defacto's model? just your real numbers, no pitch."
d0e8744ccd,Mifundo,,,False,Fintech,1,ai act · Mifundo,"Mifundo's LLM for your LLM-driven decisions is high-risk under the EU AI Act (live Aug 2026), and providers change models with no changelog.
Verispect proves yours isn't drifting/biased in 1 line of code — we never see your data.
Free 5-min snapshot of your model? https://verispectai.com/founding

— Ajay, Verispect · https://verispectai.com/founding?unsub=d0e8744ccd to opt out",Mifundo runs LLMs in your LLM-driven decisions; that's high-risk under the EU AI Act from Aug 2026. Built Verispect to prove a model isn't biased/drifting in 1 line (we never see your data). Worth connecting?,"thanks! quick + real: Aug 2026 the AI Act needs your your LLM-driven decisions model to prove no bias/drift. Verispect does it in one line, we never see your data.
free 5-min snapshot of Mifundo's model? just your real numbers, no pitch."
d677b8d944,Plend,,,False,Fintech,1,ai act · Plend,"Plend's LLM for your LLM-driven decisions is high-risk under the EU AI Act (live Aug 2026), and providers change models with no changelog.
Verispect proves yours isn't drifting/biased in 1 line of code — we never see your data.
Free 5-min snapshot of your model? https://verispectai.com/founding

— Ajay, Verispect · https://verispectai.com/founding?unsub=d677b8d944 to opt out",Plend runs LLMs in your LLM-driven decisions; that's high-risk under the EU AI Act from Aug 2026. Built Verispect to prove a model isn't biased/drifting in 1 line (we never see your data). Worth connecting?,"thanks! quick + real: Aug 2026 the AI Act needs your your LLM-driven decisions model to prove no bias/drift. Verispect does it in one line, we never see your data.
free 5-min snapshot of Plend's model? just your real numbers, no pitch."
d9a72af50a,Baobab Insurance,,,False,Insurtech,1,art. 72 proof · Baobab Insurance,"Art. 72 + 10 of the AI Act (Aug 2026) need Baobab Insurance to *evidence* bias + drift monitoring for your LLM-driven decisions. Policy's easy; live proof isn't.
Verispect auto-generates it, article-mapped — and never sees your data (hashes + vectors only).
Want the sample report + a free snapshot? https://verispectai.com/founding

— Ajay, Verispect · https://verispectai.com/founding?unsub=d9a72af50a to opt out",Baobab Insurance runs LLMs in your LLM-driven decisions; that's high-risk under the EU AI Act from Aug 2026. Built Verispect to prove a model isn't biased/drifting in 1 line (we never see your data). Worth connecting?,"thanks! quick + real: Aug 2026 the AI Act needs your your LLM-driven decisions model to prove no bias/drift. Verispect does it in one line, we never see your data.
free 5-min snapshot of Baobab Insurance's model? just your real numbers, no pitch."
874967f1e4,Qantev,,,False,Insurtech,1,art. 72 proof · Qantev,"Art. 72 + 10 of the AI Act (Aug 2026) need Qantev to *evidence* bias + drift monitoring for your LLM-driven decisions. Policy's easy; live proof isn't.
Verispect auto-generates it, article-mapped — and never sees your data (hashes + vectors only).
Want the sample report + a free snapshot? https://verispectai.com/founding

— Ajay, Verispect · https://verispectai.com/founding?unsub=874967f1e4 to opt out",Qantev runs LLMs in your LLM-driven decisions; that's high-risk under the EU AI Act from Aug 2026. Built Verispect to prove a model isn't biased/drifting in 1 line (we never see your data). Worth connecting?,"thanks! quick + real: Aug 2026 the AI Act needs your your LLM-driven decisions model to prove no bias/drift. Verispect does it in one line, we never see your data.
free 5-min snapshot of Qantev's model? just your real numbers, no pitch."
c7367678b5,Sprout.ai,,,False,Insurtech,1,art. 72 proof · Sprout.ai,"Art. 72 + 10 of the AI Act (Aug 2026) need Sprout.ai to *evidence* bias + drift monitoring for your LLM-driven decisions. Policy's easy; live proof isn't.
Verispect auto-generates it, article-mapped — and never sees your data (hashes + vectors only).
Want the sample report + a free snapshot? https://verispectai.com/founding

— Ajay, Verispect · https://verispectai.com/founding?unsub=c7367678b5 to opt out",Sprout.ai runs LLMs in your LLM-driven decisions; that's high-risk under the EU AI Act from Aug 2026. Built Verispect to prove a model isn't biased/drifting in 1 line (we never see your data). Worth connecting?,"thanks! quick + real: Aug 2026 the AI Act needs your your LLM-driven decisions model to prove no bias/drift. Verispect does it in one line, we never see your data.
free 5-min snapshot of Sprout.ai's model? just your real numbers, no pitch."
51ae94d924,ClaimSorted,,,False,Insurtech,1,art. 72 proof · ClaimSorted,"Art. 72 + 10 of the AI Act (Aug 2026) need ClaimSorted to *evidence* bias + drift monitoring for your LLM-driven decisions. Policy's easy; live proof isn't.
Verispect auto-generates it, article-mapped — and never sees your data (hashes + vectors only).
Want the sample report + a free snapshot? https://verispectai.com/founding

— Ajay, Verispect · https://verispectai.com/founding?unsub=51ae94d924 to opt out",ClaimSorted runs LLMs in your LLM-driven decisions; that's high-risk under the EU AI Act from Aug 2026. Built Verispect to prove a model isn't biased/drifting in 1 line (we never see your data). Worth connecting?,"thanks! quick + real: Aug 2026 the AI Act needs your your LLM-driven decisions model to prove no bias/drift. Verispect does it in one line, we never see your data.
free 5-min snapshot of ClaimSorted's model? just your real numbers, no pitch."
def7bd15ad,SME Finance,,,False,Fintech,1,ai act · SME Finance,"SME Finance's LLM for your LLM-driven decisions is high-risk under the EU AI Act (live Aug 2026), and providers change models with no changelog.
Verispect proves yours isn't drifting/biased in 1 line of code — we never see your data.
Free 5-min snapshot of your model? https://verispectai.com/founding

— Ajay, Verispect · https://verispectai.com/founding?unsub=def7bd15ad to opt out",SME Finance runs LLMs in your LLM-driven decisions; that's high-risk under the EU AI Act from Aug 2026. Built Verispect to prove a model isn't biased/drifting in 1 line (we never see your data). Worth connecting?,"thanks! quick + real: Aug 2026 the AI Act needs your your LLM-driven decisions model to prove no bias/drift. Verispect does it in one line, we never see your data.
free 5-min snapshot of SME Finance's model? just your real numbers, no pitch."
124b447f90,Creamfinance,,,False,Fintech,1,ai act · Creamfinance,"Creamfinance's LLM for your LLM-driven decisions is high-risk under the EU AI Act (live Aug 2026), and providers change models with no changelog.
Verispect proves yours isn't drifting/biased in 1 line of code — we never see your data.
Free 5-min snapshot of your model? https://verispectai.com/founding

— Ajay, Verispect · https://verispectai.com/founding?unsub=124b447f90 to opt out",Creamfinance runs LLMs in your LLM-driven decisions; that's high-risk under the EU AI Act from Aug 2026. Built Verispect to prove a model isn't biased/drifting in 1 line (we never see your data). Worth connecting?,"thanks! quick + real: Aug 2026 the AI Act needs your your LLM-driven decisions model to prove no bias/drift. Verispect does it in one line, we never see your data.
free 5-min snapshot of Creamfinance's model? just your real numbers, no pitch."
bb8a284389,Bdeo,,,False,Insurtech,1,art. 72 proof · Bdeo,"Art. 72 + 10 of the AI Act (Aug 2026) need Bdeo to *evidence* bias + drift monitoring for your LLM-driven decisions. Policy's easy; live proof isn't.
Verispect auto-generates it, article-mapped — and never sees your data (hashes + vectors only).
Want the sample report + a free snapshot? https://verispectai.com/founding

— Ajay, Verispect · https://verispectai.com/founding?unsub=bb8a284389 to opt out",Bdeo runs LLMs in your LLM-driven decisions; that's high-risk under the EU AI Act from Aug 2026. Built Verispect to prove a model isn't biased/drifting in 1 line (we never see your data). Worth connecting?,"thanks! quick + real: Aug 2026 the AI Act needs your your LLM-driven decisions model to prove no bias/drift. Verispect does it in one line, we never see your data.
free 5-min snapshot of Bdeo's model? just your real numbers, no pitch."
6c7313a14e,Cleverea,,,False,Insurtech,1,art. 72 proof · Cleverea,"Art. 72 + 10 of the AI Act (Aug 2026) need Cleverea to *evidence* bias + drift monitoring for your LLM-driven decisions. Policy's easy; live proof isn't.
Verispect auto-generates it, article-mapped — and never sees your data (hashes + vectors only).
Want the sample report + a free snapshot? https://verispectai.com/founding

— Ajay, Verispect · https://verispectai.com/founding?unsub=6c7313a14e to opt out",Cleverea runs LLMs in your LLM-driven decisions; that's high-risk under the EU AI Act from Aug 2026. Built Verispect to prove a model isn't biased/drifting in 1 line (we never see your data). Worth connecting?,"thanks! quick + real: Aug 2026 the AI Act needs your your LLM-driven decisions model to prove no bias/drift. Verispect does it in one line, we never see your data.
free 5-min snapshot of Cleverea's model? just your real numbers, no pitch."
03207a56f7,omni:us,,,False,Insurtech,1,art. 72 proof · omni:us,"Art. 72 + 10 of the AI Act (Aug 2026) need omni:us to *evidence* bias + drift monitoring for your LLM-driven decisions. Policy's easy; live proof isn't.
Verispect auto-generates it, article-mapped — and never sees your data (hashes + vectors only).
Want the sample report + a free snapshot? https://verispectai.com/founding

— Ajay, Verispect · https://verispectai.com/founding?unsub=03207a56f7 to opt out",omni:us runs LLMs in your LLM-driven decisions; that's high-risk under the EU AI Act from Aug 2026. Built Verispect to prove a model isn't biased/drifting in 1 line (we never see your data). Worth connecting?,"thanks! quick + real: Aug 2026 the AI Act needs your your LLM-driven decisions model to prove no bias/drift. Verispect does it in one line, we never see your data.
free 5-min snapshot of omni:us's model? just your real numbers, no pitch."
b65f9a0c5e,MarvelX,,,False,Insurtech,1,art. 72 proof · MarvelX,"Art. 72 + 10 of the AI Act (Aug 2026) need MarvelX to *evidence* bias + drift monitoring for your LLM-driven decisions. Policy's easy; live proof isn't.
Verispect auto-generates it, article-mapped — and never sees your data (hashes + vectors only).
Want the sample report + a free snapshot? https://verispectai.com/founding

— Ajay, Verispect · https://verispectai.com/founding?unsub=b65f9a0c5e to opt out",MarvelX runs LLMs in your LLM-driven decisions; that's high-risk under the EU AI Act from Aug 2026. Built Verispect to prove a model isn't biased/drifting in 1 line (we never see your data). Worth connecting?,"thanks! quick + real: Aug 2026 the AI Act needs your your LLM-driven decisions model to prove no bias/drift. Verispect does it in one line, we never see your data.
free 5-min snapshot of MarvelX's model? just your real numbers, no pitch."
250486d636,Monto (Capcito),,,False,Fintech,1,ai act · Monto (Capcito),"Monto (Capcito)'s LLM for your LLM-driven decisions is high-risk under the EU AI Act (live Aug 2026), and providers change models with no changelog.
Verispect proves yours isn't drifting/biased in 1 line of code — we never see your data.
Free 5-min snapshot of your model? https://verispectai.com/founding

— Ajay, Verispect · https://verispectai.com/founding?unsub=250486d636 to opt out",Monto (Capcito) runs LLMs in your LLM-driven decisions; that's high-risk under the EU AI Act from Aug 2026. Built Verispect to prove a model isn't biased/drifting in 1 line (we never see your data). Worth connecting?,"thanks! quick + real: Aug 2026 the AI Act needs your your LLM-driven decisions model to prove no bias/drift. Verispect does it in one line, we never see your data.
free 5-min snapshot of Monto (Capcito)'s model? just your real numbers, no pitch."
67f97da7c8,INSRD,,,False,Insurtech,1,art. 72 proof · INSRD,"Art. 72 + 10 of the AI Act (Aug 2026) need INSRD to *evidence* bias + drift monitoring for your LLM-driven decisions. Policy's easy; live proof isn't.
Verispect auto-generates it, article-mapped — and never sees your data (hashes + vectors only).
Want the sample report + a free snapshot? https://verispectai.com/founding

— Ajay, Verispect · https://verispectai.com/founding?unsub=67f97da7c8 to opt out",INSRD runs LLMs in your LLM-driven decisions; that's high-risk under the EU AI Act from Aug 2026. Built Verispect to prove a model isn't biased/drifting in 1 line (we never see your data). Worth connecting?,"thanks! quick + real: Aug 2026 the AI Act needs your your LLM-driven decisions model to prove no bias/drift. Verispect does it in one line, we never see your data.
free 5-min snapshot of INSRD's model? just your real numbers, no pitch."
c1f8ba916b,Elucidate,,,False,Fintech,1,ai act · Elucidate,"Elucidate's LLM for your LLM-driven decisions is high-risk under the EU AI Act (live Aug 2026), and providers change models with no changelog.
Verispect proves yours isn't drifting/biased in 1 line of code — we never see your data.
Free 5-min snapshot of your model? https://verispectai.com/founding

— Ajay, Verispect · https://verispectai.com/founding?unsub=c1f8ba916b to opt out",Elucidate runs LLMs in your LLM-driven decisions; that's high-risk under the EU AI Act from Aug 2026. Built Verispect to prove a model isn't biased/drifting in 1 line (we never see your data). Worth connecting?,"thanks! quick + real: Aug 2026 the AI Act needs your your LLM-driven decisions model to prove no bias/drift. Verispect does it in one line, we never see your data.
free 5-min snapshot of Elucidate's model? just your real numbers, no pitch."
37e2add18c,Surebird,,,False,Insurtech,1,art. 72 proof · Surebird,"Art. 72 + 10 of the AI Act (Aug 2026) need Surebird to *evidence* bias + drift monitoring for your LLM-driven decisions. Policy's easy; live proof isn't.
Verispect auto-generates it, article-mapped — and never sees your data (hashes + vectors only).
Want the sample report + a free snapshot? https://verispectai.com/founding

— Ajay, Verispect · https://verispectai.com/founding?unsub=37e2add18c to opt out",Surebird runs LLMs in your LLM-driven decisions; that's high-risk under the EU AI Act from Aug 2026. Built Verispect to prove a model isn't biased/drifting in 1 line (we never see your data). Worth connecting?,"thanks! quick + real: Aug 2026 the AI Act needs your your LLM-driven decisions model to prove no bias/drift. Verispect does it in one line, we never see your data.
free 5-min snapshot of Surebird's model? just your real numbers, no pitch."
9442b872af,Akur8,,,False,Insurtech,1,art. 72 proof · Akur8,"Art. 72 + 10 of the AI Act (Aug 2026) need Akur8 to *evidence* bias + drift monitoring for your LLM-driven decisions. Policy's easy; live proof isn't.
Verispect auto-generates it, article-mapped — and never sees your data (hashes + vectors only).
Want the sample report + a free snapshot? https://verispectai.com/founding

— Ajay, Verispect · https://verispectai.com/founding?unsub=9442b872af to opt out",Akur8 runs LLMs in your LLM-driven decisions; that's high-risk under the EU AI Act from Aug 2026. Built Verispect to prove a model isn't biased/drifting in 1 line (we never see your data). Worth connecting?,"thanks! quick + real: Aug 2026 the AI Act needs your your LLM-driven decisions model to prove no bias/drift. Verispect does it in one line, we never see your data.
free 5-min snapshot of Akur8's model? just your real numbers, no pitch."
d7d804d5f9,Descartes Underwriting,,,False,Insurtech,1,art. 72 proof · Descartes Underwriting,"Art. 72 + 10 of the AI Act (Aug 2026) need Descartes Underwriting to *evidence* bias + drift monitoring for your LLM-driven decisions. Policy's easy; live proof isn't.
Verispect auto-generates it, article-mapped — and never sees your data (hashes + vectors only).
Want the sample report + a free snapshot? https://verispectai.com/founding

— Ajay, Verispect · https://verispectai.com/founding?unsub=d7d804d5f9 to opt out",Descartes Underwriting runs LLMs in your LLM-driven decisions; that's high-risk under the EU AI Act from Aug 2026. Built Verispect to prove a model isn't biased/drifting in 1 line (we never see your data). Worth connecting?,"thanks! quick + real: Aug 2026 the AI Act needs your your LLM-driven decisions model to prove no bias/drift. Verispect does it in one line, we never see your data.
free 5-min snapshot of Descartes Underwriting's model? just your real numbers, no pitch."
c70c9c28d6,Abound,,,False,Fintech,1,ai act · Abound,"Abound's LLM for your LLM-driven decisions is high-risk under the EU AI Act (live Aug 2026), and providers change models with no changelog.
Verispect proves yours isn't drifting/biased in 1 line of code — we never see your data.
Free 5-min snapshot of your model? https://verispectai.com/founding

— Ajay, Verispect · https://verispectai.com/founding?unsub=c70c9c28d6 to opt out",Abound runs LLMs in your LLM-driven decisions; that's high-risk under the EU AI Act from Aug 2026. Built Verispect to prove a model isn't biased/drifting in 1 line (we never see your data). Worth connecting?,"thanks! quick + real: Aug 2026 the AI Act needs your your LLM-driven decisions model to prove no bias/drift. Verispect does it in one line, we never see your data.
free 5-min snapshot of Abound's model? just your real numbers, no pitch."
2333068f40,Robin AI,,,False,Legal-tech,1,art. 72 proof · Robin AI,"Art. 72 + 10 of the AI Act (Aug 2026) need Robin AI to *evidence* bias + drift monitoring for your LLM-driven decisions. Policy's easy; live proof isn't.
Verispect auto-generates it, article-mapped — and never sees your data (hashes + vectors only).
Want the sample report + a free snapshot? https://verispectai.com/founding

— Ajay, Verispect · https://verispectai.com/founding?unsub=2333068f40 to opt out",Robin AI runs LLMs in your LLM-driven decisions; that's high-risk under the EU AI Act from Aug 2026. Built Verispect to prove a model isn't biased/drifting in 1 line (we never see your data). Worth connecting?,"thanks! quick + real: Aug 2026 the AI Act needs your your LLM-driven decisions model to prove no bias/drift. Verispect does it in one line, we never see your data.
free 5-min snapshot of Robin AI's model? just your real numbers, no pitch."
0d5eabf14f,Genie AI,,,False,Legal-tech,1,art. 72 proof · Genie AI,"Art. 72 + 10 of the AI Act (Aug 2026) need Genie AI to *evidence* bias + drift monitoring for your LLM-driven decisions. Policy's easy; live proof isn't.
Verispect auto-generates it, article-mapped — and never sees your data (hashes + vectors only).
Want the sample report + a free snapshot? https://verispectai.com/founding

— Ajay, Verispect · https://verispectai.com/founding?unsub=0d5eabf14f to opt out",Genie AI runs LLMs in your LLM-driven decisions; that's high-risk under the EU AI Act from Aug 2026. Built Verispect to prove a model isn't biased/drifting in 1 line (we never see your data). Worth connecting?,"thanks! quick + real: Aug 2026 the AI Act needs your your LLM-driven decisions model to prove no bias/drift. Verispect does it in one line, we never see your data.
free 5-min snapshot of Genie AI's model? just your real numbers, no pitch."
af21f826d6,Leya,,,False,Legal-tech,1,art. 72 proof · Leya,"Art. 72 + 10 of the AI Act (Aug 2026) need Leya to *evidence* bias + drift monitoring for your LLM-driven decisions. Policy's easy; live proof isn't.
Verispect auto-generates it, article-mapped — and never sees your data (hashes + vectors only).
Want the sample report + a free snapshot? https://verispectai.com/founding

— Ajay, Verispect · https://verispectai.com/founding?unsub=af21f826d6 to opt out",Leya runs LLMs in your LLM-driven decisions; that's high-risk under the EU AI Act from Aug 2026. Built Verispect to prove a model isn't biased/drifting in 1 line (we never see your data). Worth connecting?,"thanks! quick + real: Aug 2026 the AI Act needs your your LLM-driven decisions model to prove no bias/drift. Verispect does it in one line, we never see your data.
free 5-min snapshot of Leya's model? just your real numbers, no pitch."
0edf4ac5d1,Garfield AI,,,False,Legal-tech,1,art. 72 proof · Garfield AI,"Art. 72 + 10 of the AI Act (Aug 2026) need Garfield AI to *evidence* bias + drift monitoring for your LLM-driven decisions. Policy's easy; live proof isn't.
Verispect auto-generates it, article-mapped — and never sees your data (hashes + vectors only).
Want the sample report + a free snapshot? https://verispectai.com/founding

— Ajay, Verispect · https://verispectai.com/founding?unsub=0edf4ac5d1 to opt out",Garfield AI runs LLMs in your LLM-driven decisions; that's high-risk under the EU AI Act from Aug 2026. Built Verispect to prove a model isn't biased/drifting in 1 line (we never see your data). Worth connecting?,"thanks! quick + real: Aug 2026 the AI Act needs your your LLM-driven decisions model to prove no bias/drift. Verispect does it in one line, we never see your data.
free 5-min snapshot of Garfield AI's model? just your real numbers, no pitch."
f39e0b121a,Noxtua,,,False,Legal-tech,1,art. 72 proof · Noxtua,"Art. 72 + 10 of the AI Act (Aug 2026) need Noxtua to *evidence* bias + drift monitoring for your LLM-driven decisions. Policy's easy; live proof isn't.
Verispect auto-generates it, article-mapped — and never sees your data (hashes + vectors only).
Want the sample report + a free snapshot? https://verispectai.com/founding

— Ajay, Verispect · https://verispectai.com/founding?unsub=f39e0b121a to opt out",Noxtua runs LLMs in your LLM-driven decisions; that's high-risk under the EU AI Act from Aug 2026. Built Verispect to prove a model isn't biased/drifting in 1 line (we never see your data). Worth connecting?,"thanks! quick + real: Aug 2026 the AI Act needs your your LLM-driven decisions model to prove no bias/drift. Verispect does it in one line, we never see your data.
free 5-min snapshot of Noxtua's model? just your real numbers, no pitch."
dfb3cf84d7,Definely,,,False,Legal-tech,1,art. 72 proof · Definely,"Art. 72 + 10 of the AI Act (Aug 2026) need Definely to *evidence* bias + drift monitoring for your LLM-driven decisions. Policy's easy; live proof isn't.
Verispect auto-generates it, article-mapped — and never sees your data (hashes + vectors only).
Want the sample report + a free snapshot? https://verispectai.com/founding

— Ajay, Verispect · https://verispectai.com/founding?unsub=dfb3cf84d7 to opt out",Definely runs LLMs in your LLM-driven decisions; that's high-risk under the EU AI Act from Aug 2026. Built Verispect to prove a model isn't biased/drifting in 1 line (we never see your data). Worth connecting?,"thanks! quick + real: Aug 2026 the AI Act needs your your LLM-driven decisions model to prove no bias/drift. Verispect does it in one line, we never see your data.
free 5-min snapshot of Definely's model? just your real numbers, no pitch."
59a9253722,Luminance,,,False,Legal-tech,1,art. 72 proof · Luminance,"Art. 72 + 10 of the AI Act (Aug 2026) need Luminance to *evidence* bias + drift monitoring for your LLM-driven decisions. Policy's easy; live proof isn't.
Verispect auto-generates it, article-mapped — and never sees your data (hashes + vectors only).
Want the sample report + a free snapshot? https://verispectai.com/founding

— Ajay, Verispect · https://verispectai.com/founding?unsub=59a9253722 to opt out",Luminance runs LLMs in your LLM-driven decisions; that's high-risk under the EU AI Act from Aug 2026. Built Verispect to prove a model isn't biased/drifting in 1 line (we never see your data). Worth connecting?,"thanks! quick + real: Aug 2026 the AI Act needs your your LLM-driven decisions model to prove no bias/drift. Verispect does it in one line, we never see your data.
free 5-min snapshot of Luminance's model? just your real numbers, no pitch."
6ae404c4e8,LawX,,,False,Legal-tech,1,art. 72 proof · LawX,"Art. 72 + 10 of the AI Act (Aug 2026) need LawX to *evidence* bias + drift monitoring for your LLM-driven decisions. Policy's easy; live proof isn't.
Verispect auto-generates it, article-mapped — and never sees your data (hashes + vectors only).
Want the sample report + a free snapshot? https://verispectai.com/founding

— Ajay, Verispect · https://verispectai.com/founding?unsub=6ae404c4e8 to opt out",LawX runs LLMs in your LLM-driven decisions; that's high-risk under the EU AI Act from Aug 2026. Built Verispect to prove a model isn't biased/drifting in 1 line (we never see your data). Worth connecting?,"thanks! quick + real: Aug 2026 the AI Act needs your your LLM-driven decisions model to prove no bias/drift. Verispect does it in one line, we never see your data.
free 5-min snapshot of LawX's model? just your real numbers, no pitch."
0a7ba37b36,Tomorro,,,False,Legal-tech,1,art. 72 proof · Tomorro,"Art. 72 + 10 of the AI Act (Aug 2026) need Tomorro to *evidence* bias + drift monitoring for your LLM-driven decisions. Policy's easy; live proof isn't.
Verispect auto-generates it, article-mapped — and never sees your data (hashes + vectors only).
Want the sample report + a free snapshot? https://verispectai.com/founding

— Ajay, Verispect · https://verispectai.com/founding?unsub=0a7ba37b36 to opt out",Tomorro runs LLMs in your LLM-driven decisions; that's high-risk under the EU AI Act from Aug 2026. Built Verispect to prove a model isn't biased/drifting in 1 line (we never see your data). Worth connecting?,"thanks! quick + real: Aug 2026 the AI Act needs your your LLM-driven decisions model to prove no bias/drift. Verispect does it in one line, we never see your data.
free 5-min snapshot of Tomorro's model? just your real numbers, no pitch."
db45e234b4,Saga,,,False,Legal-tech,1,art. 72 proof · Saga,"Art. 72 + 10 of the AI Act (Aug 2026) need Saga to *evidence* bias + drift monitoring for your LLM-driven decisions. Policy's easy; live proof isn't.
Verispect auto-generates it, article-mapped — and never sees your data (hashes + vectors only).
Want the sample report + a free snapshot? https://verispectai.com/founding

— Ajay, Verispect · https://verispectai.com/founding?unsub=db45e234b4 to opt out",Saga runs LLMs in your LLM-driven decisions; that's high-risk under the EU AI Act from Aug 2026. Built Verispect to prove a model isn't biased/drifting in 1 line (we never see your data). Worth connecting?,"thanks! quick + real: Aug 2026 the AI Act needs your your LLM-driven decisions model to prove no bias/drift. Verispect does it in one line, we never see your data.
free 5-min snapshot of Saga's model? just your real numbers, no pitch."
b52521ff82,Henchman,,,False,Legal-tech,1,art. 72 proof · Henchman,"Art. 72 + 10 of the AI Act (Aug 2026) need Henchman to *evidence* bias + drift monitoring for your LLM-driven decisions. Policy's easy; live proof isn't.
Verispect auto-generates it, article-mapped — and never sees your data (hashes + vectors only).
Want the sample report + a free snapshot? https://verispectai.com/founding

— Ajay, Verispect · https://verispectai.com/founding?unsub=b52521ff82 to opt out",Henchman runs LLMs in your LLM-driven decisions; that's high-risk under the EU AI Act from Aug 2026. Built Verispect to prove a model isn't biased/drifting in 1 line (we never see your data). Worth connecting?,"thanks! quick + real: Aug 2026 the AI Act needs your your LLM-driven decisions model to prove no bias/drift. Verispect does it in one line, we never see your data.
free 5-min snapshot of Henchman's model? just your real numbers, no pitch."
c88f789f80,Brightflag,,,False,Legal-tech,1,art. 72 proof · Brightflag,"Art. 72 + 10 of the AI Act (Aug 2026) need Brightflag to *evidence* bias + drift monitoring for your LLM-driven decisions. Policy's easy; live proof isn't.
Verispect auto-generates it, article-mapped — and never sees your data (hashes + vectors only).
Want the sample report + a free snapshot? https://verispectai.com/founding

— Ajay, Verispect · https://verispectai.com/founding?unsub=c88f789f80 to opt out",Brightflag runs LLMs in your LLM-driven decisions; that's high-risk under the EU AI Act from Aug 2026. Built Verispect to prove a model isn't biased/drifting in 1 line (we never see your data). Worth connecting?,"thanks! quick + real: Aug 2026 the AI Act needs your your LLM-driven decisions model to prove no bias/drift. Verispect does it in one line, we never see your data.
free 5-min snapshot of Brightflag's model? just your real numbers, no pitch."
9f584d629e,TORTUS AI,,,False,Health-tech,1,art. 72 proof · TORTUS AI,"Art. 72 + 10 of the AI Act (Aug 2026) need TORTUS AI to *evidence* bias + drift monitoring for your LLM-driven decisions. Policy's easy; live proof isn't.
Verispect auto-generates it, article-mapped — and never sees your data (hashes + vectors only).
Want the sample report + a free snapshot? https://verispectai.com/founding

— Ajay, Verispect · https://verispectai.com/founding?unsub=9f584d629e to opt out",TORTUS AI runs LLMs in your LLM-driven decisions; that's high-risk under the EU AI Act from Aug 2026. Built Verispect to prove a model isn't biased/drifting in 1 line (we never see your data). Worth connecting?,"thanks! quick + real: Aug 2026 the AI Act needs your your LLM-driven decisions model to prove no bias/drift. Verispect does it in one line, we never see your data.
free 5-min snapshot of TORTUS AI's model? just your real numbers, no pitch."
1c5a617d31,Anima Health,,,False,Health-tech,1,art. 72 proof · Anima Health,"Art. 72 + 10 of the AI Act (Aug 2026) need Anima Health to *evidence* bias + drift monitoring for your LLM-driven decisions. Policy's easy; live proof isn't.
Verispect auto-generates it, article-mapped — and never sees your data (hashes + vectors only).
Want the sample report + a free snapshot? https://verispectai.com/founding

— Ajay, Verispect · https://verispectai.com/founding?unsub=1c5a617d31 to opt out",Anima Health runs LLMs in your LLM-driven decisions; that's high-risk under the EU AI Act from Aug 2026. Built Verispect to prove a model isn't biased/drifting in 1 line (we never see your data). Worth connecting?,"thanks! quick + real: Aug 2026 the AI Act needs your your LLM-driven decisions model to prove no bias/drift. Verispect does it in one line, we never see your data.
free 5-min snapshot of Anima Health's model? just your real numbers, no pitch."
d2fd2f365f,Corti,,,False,Health-tech,1,art. 72 proof · Corti,"Art. 72 + 10 of the AI Act (Aug 2026) need Corti to *evidence* bias + drift monitoring for your LLM-driven decisions. Policy's easy; live proof isn't.
Verispect auto-generates it, article-mapped — and never sees your data (hashes + vectors only).
Want the sample report + a free snapshot? https://verispectai.com/founding

— Ajay, Verispect · https://verispectai.com/founding?unsub=d2fd2f365f to opt out",Corti runs LLMs in your LLM-driven decisions; that's high-risk under the EU AI Act from Aug 2026. Built Verispect to prove a model isn't biased/drifting in 1 line (we never see your data). Worth connecting?,"thanks! quick + real: Aug 2026 the AI Act needs your your LLM-driven decisions model to prove no bias/drift. Verispect does it in one line, we never see your data.
free 5-min snapshot of Corti's model? just your real numbers, no pitch."
f43c1dc24b,Visiba Care,,,False,Health-tech,1,art. 72 proof · Visiba Care,"Art. 72 + 10 of the AI Act (Aug 2026) need Visiba Care to *evidence* bias + drift monitoring for your LLM-driven decisions. Policy's easy; live proof isn't.
Verispect auto-generates it, article-mapped — and never sees your data (hashes + vectors only).
Want the sample report + a free snapshot? https://verispectai.com/founding

— Ajay, Verispect · https://verispectai.com/founding?unsub=f43c1dc24b to opt out",Visiba Care runs LLMs in your LLM-driven decisions; that's high-risk under the EU AI Act from Aug 2026. Built Verispect to prove a model isn't biased/drifting in 1 line (we never see your data). Worth connecting?,"thanks! quick + real: Aug 2026 the AI Act needs your your LLM-driven decisions model to prove no bias/drift. Verispect does it in one line, we never see your data.
free 5-min snapshot of Visiba Care's model? just your real numbers, no pitch."
c8a87403bb,Klinik,,,False,Health-tech,1,art. 72 proof · Klinik,"Art. 72 + 10 of the AI Act (Aug 2026) need Klinik to *evidence* bias + drift monitoring for your LLM-driven decisions. Policy's easy; live proof isn't.
Verispect auto-generates it, article-mapped — and never sees your data (hashes + vectors only).
Want the sample report + a free snapshot? https://verispectai.com/founding

— Ajay, Verispect · https://verispectai.com/founding?unsub=c8a87403bb to opt out",Klinik runs LLMs in your LLM-driven decisions; that's high-risk under the EU AI Act from Aug 2026. Built Verispect to prove a model isn't biased/drifting in 1 line (we never see your data). Worth connecting?,"thanks! quick + real: Aug 2026 the AI Act needs your your LLM-driven decisions model to prove no bias/drift. Verispect does it in one line, we never see your data.
free 5-min snapshot of Klinik's model? just your real numbers, no pitch."
62e4b2e654,Symptoma,,,False,Health-tech,1,art. 72 proof · Symptoma,"Art. 72 + 10 of the AI Act (Aug 2026) need Symptoma to *evidence* bias + drift monitoring for your LLM-driven decisions. Policy's easy; live proof isn't.
Verispect auto-generates it, article-mapped — and never sees your data (hashes + vectors only).
Want the sample report + a free snapshot? https://verispectai.com/founding

— Ajay, Verispect · https://verispectai.com/founding?unsub=62e4b2e654 to opt out",Symptoma runs LLMs in your LLM-driven decisions; that's high-risk under the EU AI Act from Aug 2026. Built Verispect to prove a model isn't biased/drifting in 1 line (we never see your data). Worth connecting?,"thanks! quick + real: Aug 2026 the AI Act needs your your LLM-driven decisions model to prove no bias/drift. Verispect does it in one line, we never see your data.
free 5-min snapshot of Symptoma's model? just your real numbers, no pitch."
59d32e5716,Mediktor,,,False,Health-tech,1,art. 72 proof · Mediktor,"Art. 72 + 10 of the AI Act (Aug 2026) need Mediktor to *evidence* bias + drift monitoring for your LLM-driven decisions. Policy's easy; live proof isn't.
Verispect auto-generates it, article-mapped — and never sees your data (hashes + vectors only).
Want the sample report + a free snapshot? https://verispectai.com/founding

— Ajay, Verispect · https://verispectai.com/founding?unsub=59d32e5716 to opt out",Mediktor runs LLMs in your LLM-driven decisions; that's high-risk under the EU AI Act from Aug 2026. Built Verispect to prove a model isn't biased/drifting in 1 line (we never see your data). Worth connecting?,"thanks! quick + real: Aug 2026 the AI Act needs your your LLM-driven decisions model to prove no bias/drift. Verispect does it in one line, we never see your data.
free 5-min snapshot of Mediktor's model? just your real numbers, no pitch."
fb12ab2efe,Quibim,,,False,Health-tech,1,art. 72 proof · Quibim,"Art. 72 + 10 of the AI Act (Aug 2026) need Quibim to *evidence* bias + drift monitoring for your LLM-driven decisions. Policy's easy; live proof isn't.
Verispect auto-generates it, article-mapped — and never sees your data (hashes + vectors only).
Want the sample report + a free snapshot? https://verispectai.com/founding

— Ajay, Verispect · https://verispectai.com/founding?unsub=fb12ab2efe to opt out",Quibim runs LLMs in your LLM-driven decisions; that's high-risk under the EU AI Act from Aug 2026. Built Verispect to prove a model isn't biased/drifting in 1 line (we never see your data). Worth connecting?,"thanks! quick + real: Aug 2026 the AI Act needs your your LLM-driven decisions model to prove no bias/drift. Verispect does it in one line, we never see your data.
free 5-min snapshot of Quibim's model? just your real numbers, no pitch."
f55306d669,X0PA AI,,,False,HR-tech,1,ai act · X0PA AI,"X0PA AI's LLM for your LLM-driven decisions is high-risk under the EU AI Act (live Aug 2026), and providers change models with no changelog.
Verispect proves yours isn't drifting/biased in 1 line of code — we never see your data.
Free 5-min snapshot of your model? https://verispectai.com/founding

— Ajay, Verispect · https://verispectai.com/founding?unsub=f55306d669 to opt out",X0PA AI runs LLMs in your LLM-driven decisions; that's high-risk under the EU AI Act from Aug 2026. Built Verispect to prove a model isn't biased/drifting in 1 line (we never see your data). Worth connecting?,"thanks! quick + real: Aug 2026 the AI Act needs your your LLM-driven decisions model to prove no bias/drift. Verispect does it in one line, we never see your data.
free 5-min snapshot of X0PA AI's model? just your real numbers, no pitch."
1819ff863e,finbots.ai,,,False,Fintech,1,ai act · finbots.ai,"finbots.ai's LLM for your LLM-driven decisions is high-risk under the EU AI Act (live Aug 2026), and providers change models with no changelog.
Verispect proves yours isn't drifting/biased in 1 line of code — we never see your data.
Free 5-min snapshot of your model? https://verispectai.com/founding

— Ajay, Verispect · https://verispectai.com/founding?unsub=1819ff863e to opt out",finbots.ai runs LLMs in your LLM-driven decisions; that's high-risk under the EU AI Act from Aug 2026. Built Verispect to prove a model isn't biased/drifting in 1 line (we never see your data). Worth connecting?,"thanks! quick + real: Aug 2026 the AI Act needs your your LLM-driven decisions model to prove no bias/drift. Verispect does it in one line, we never see your data.
free 5-min snapshot of finbots.ai's model? just your real numbers, no pitch."
3b763da513,Tabby,,,False,Fintech,1,ai act · Tabby,"Tabby's LLM for your LLM-driven decisions is high-risk under the EU AI Act (live Aug 2026), and providers change models with no changelog.
Verispect proves yours isn't drifting/biased in 1 line of code — we never see your data.
Free 5-min snapshot of your model? https://verispectai.com/founding

— Ajay, Verispect · https://verispectai.com/founding?unsub=3b763da513 to opt out",Tabby runs LLMs in your LLM-driven decisions; that's high-risk under the EU AI Act from Aug 2026. Built Verispect to prove a model isn't biased/drifting in 1 line (we never see your data). Worth connecting?,"thanks! quick + real: Aug 2026 the AI Act needs your your LLM-driven decisions model to prove no bias/drift. Verispect does it in one line, we never see your data.
free 5-min snapshot of Tabby's model? just your real numbers, no pitch."
4135f9c1a1,Bayzat,,,False,HR-tech,1,ai act · Bayzat,"Bayzat's LLM for your LLM-driven decisions is high-risk under the EU AI Act (live Aug 2026), and providers change models with no changelog.
Verispect proves yours isn't drifting/biased in 1 line of code — we never see your data.
Free 5-min snapshot of your model? https://verispectai.com/founding

— Ajay, Verispect · https://verispectai.com/founding?unsub=4135f9c1a1 to opt out",Bayzat runs LLMs in your LLM-driven decisions; that's high-risk under the EU AI Act from Aug 2026. Built Verispect to prove a model isn't biased/drifting in 1 line (we never see your data). Worth connecting?,"thanks! quick + real: Aug 2026 the AI Act needs your your LLM-driven decisions model to prove no bias/drift. Verispect does it in one line, we never see your data.
free 5-min snapshot of Bayzat's model? just your real numbers, no pitch."
18098ec54b,Igloo,,,False,Insurtech,1,art. 72 proof · Igloo,"Art. 72 + 10 of the AI Act (Aug 2026) need Igloo to *evidence* bias + drift monitoring for your LLM-driven decisions. Policy's easy; live proof isn't.
Verispect auto-generates it, article-mapped — and never sees your data (hashes + vectors only).
Want the sample report + a free snapshot? https://verispectai.com/founding

— Ajay, Verispect · https://verispectai.com/founding?unsub=18098ec54b to opt out",Igloo runs LLMs in your LLM-driven decisions; that's high-risk under the EU AI Act from Aug 2026. Built Verispect to prove a model isn't biased/drifting in 1 line (we never see your data). Worth connecting?,"thanks! quick + real: Aug 2026 the AI Act needs your your LLM-driven decisions model to prove no bias/drift. Verispect does it in one line, we never see your data.
free 5-min snapshot of Igloo's model? just your real numbers, no pitch."
1a9a004cb8,NymCard,,,False,Fintech,1,ai act · NymCard,"NymCard's LLM for your LLM-driven decisions is high-risk under the EU AI Act (live Aug 2026), and providers change models with no changelog.
Verispect proves yours isn't drifting/biased in 1 line of code — we never see your data.
Free 5-min snapshot of your model? https://verispectai.com/founding

— Ajay, Verispect · https://verispectai.com/founding?unsub=1a9a004cb8 to opt out",NymCard runs LLMs in your LLM-driven decisions; that's high-risk under the EU AI Act from Aug 2026. Built Verispect to prove a model isn't biased/drifting in 1 line (we never see your data). Worth connecting?,"thanks! quick + real: Aug 2026 the AI Act needs your your LLM-driven decisions model to prove no bias/drift. Verispect does it in one line, we never see your data.
free 5-min snapshot of NymCard's model? just your real numbers, no pitch."
bd619be1eb,Tamara,,,False,Fintech,1,ai act · Tamara,"Tamara's LLM for your LLM-driven decisions is high-risk under the EU AI Act (live Aug 2026), and providers change models with no changelog.
Verispect proves yours isn't drifting/biased in 1 line of code — we never see your data.
Free 5-min snapshot of your model? https://verispectai.com/founding

— Ajay, Verispect · https://verispectai.com/founding?unsub=bd619be1eb to opt out",Tamara runs LLMs in your LLM-driven decisions; that's high-risk under the EU AI Act from Aug 2026. Built Verispect to prove a model isn't biased/drifting in 1 line (we never see your data). Worth connecting?,"thanks! quick + real: Aug 2026 the AI Act needs your your LLM-driven decisions model to prove no bias/drift. Verispect does it in one line, we never see your data.
free 5-min snapshot of Tamara's model? just your real numbers, no pitch."
1866d66e07,HireQuotient,,,False,HR-tech,1,ai act · HireQuotient,"HireQuotient's LLM for your LLM-driven decisions is high-risk under the EU AI Act (live Aug 2026), and providers change models with no changelog.
Verispect proves yours isn't drifting/biased in 1 line of code — we never see your data.
Free 5-min snapshot of your model? https://verispectai.com/founding

— Ajay, Verispect · https://verispectai.com/founding?unsub=1866d66e07 to opt out",HireQuotient runs LLMs in your LLM-driven decisions; that's high-risk under the EU AI Act from Aug 2026. Built Verispect to prove a model isn't biased/drifting in 1 line (we never see your data). Worth connecting?,"thanks! quick + real: Aug 2026 the AI Act needs your your LLM-driven decisions model to prove no bias/drift. Verispect does it in one line, we never see your data.
free 5-min snapshot of HireQuotient's model? just your real numbers, no pitch."
9ea7dd1962,Fuku AI,,,False,HR-tech,1,ai act · Fuku AI,"Fuku AI's LLM for your LLM-driven decisions is high-risk under the EU AI Act (live Aug 2026), and providers change models with no changelog.
Verispect proves yours isn't drifting/biased in 1 line of code — we never see your data.
Free 5-min snapshot of your model? https://verispectai.com/founding

— Ajay, Verispect · https://verispectai.com/founding?unsub=9ea7dd1962 to opt out",Fuku AI runs LLMs in your LLM-driven decisions; that's high-risk under the EU AI Act from Aug 2026. Built Verispect to prove a model isn't biased/drifting in 1 line (we never see your data). Worth connecting?,"thanks! quick + real: Aug 2026 the AI Act needs your your LLM-driven decisions model to prove no bias/drift. Verispect does it in one line, we never see your data.
free 5-min snapshot of Fuku AI's model? just your real numbers, no pitch."
7daa264149,CredoLab,,,False,Fintech,1,ai act · CredoLab,"CredoLab's LLM for your LLM-driven decisions is high-risk under the EU AI Act (live Aug 2026), and providers change models with no changelog.
Verispect proves yours isn't drifting/biased in 1 line of code — we never see your data.
Free 5-min snapshot of your model? https://verispectai.com/founding

— Ajay, Verispect · https://verispectai.com/founding?unsub=7daa264149 to opt out",CredoLab runs LLMs in your LLM-driven decisions; that's high-risk under the EU AI Act from Aug 2026. Built Verispect to prove a model isn't biased/drifting in 1 line (we never see your data). Worth connecting?,"thanks! quick + real: Aug 2026 the AI Act needs your your LLM-driven decisions model to prove no bias/drift. Verispect does it in one line, we never see your data.
free 5-min snapshot of CredoLab's model? just your real numbers, no pitch."
9519742af5,Trusting Social,,,False,Fintech,1,ai act · Trusting Social,"Trusting Social's LLM for your LLM-driven decisions is high-risk under the EU AI Act (live Aug 2026), and providers change models with no changelog.
Verispect proves yours isn't drifting/biased in 1 line of code — we never see your data.
Free 5-min snapshot of your model? https://verispectai.com/founding

— Ajay, Verispect · https://verispectai.com/founding?unsub=9519742af5 to opt out",Trusting Social runs LLMs in your LLM-driven decisions; that's high-risk under the EU AI Act from Aug 2026. Built Verispect to prove a model isn't biased/drifting in 1 line (we never see your data). Worth connecting?,"thanks! quick + real: Aug 2026 the AI Act needs your your LLM-driven decisions model to prove no bias/drift. Verispect does it in one line, we never see your data.
free 5-min snapshot of Trusting Social's model? just your real numbers, no pitch."
e3b5eab0c2,LenddoEFL,,,False,Fintech,1,ai act · LenddoEFL,"LenddoEFL's LLM for your LLM-driven decisions is high-risk under the EU AI Act (live Aug 2026), and providers change models with no changelog.
Verispect proves yours isn't drifting/biased in 1 line of code — we never see your data.
Free 5-min snapshot of your model? https://verispectai.com/founding

— Ajay, Verispect · https://verispectai.com/founding?unsub=e3b5eab0c2 to opt out",LenddoEFL runs LLMs in your LLM-driven decisions; that's high-risk under the EU AI Act from Aug 2026. Built Verispect to prove a model isn't biased/drifting in 1 line (we never see your data). Worth connecting?,"thanks! quick + real: Aug 2026 the AI Act needs your your LLM-driven decisions model to prove no bias/drift. Verispect does it in one line, we never see your data.
free 5-min snapshot of LenddoEFL's model? just your real numbers, no pitch."
58911dfe37,Funding Societies,,,False,Fintech,1,ai act · Funding Societies,"Funding Societies's LLM for your LLM-driven decisions is high-risk under the EU AI Act (live Aug 2026), and providers change models with no changelog.
Verispect proves yours isn't drifting/biased in 1 line of code — we never see your data.
Free 5-min snapshot of your model? https://verispectai.com/founding

— Ajay, Verispect · https://verispectai.com/founding?unsub=58911dfe37 to opt out",Funding Societies runs LLMs in your LLM-driven decisions; that's high-risk under the EU AI Act from Aug 2026. Built Verispect to prove a model isn't biased/drifting in 1 line (we never see your data). Worth connecting?,"thanks! quick + real: Aug 2026 the AI Act needs your your LLM-driven decisions model to prove no bias/drift. Verispect does it in one line, we never see your data.
free 5-min snapshot of Funding Societies's model? just your real numbers, no pitch."
d99a6405fd,Aspire,,,False,Fintech,1,ai act · Aspire,"Aspire's LLM for your LLM-driven decisions is high-risk under the EU AI Act (live Aug 2026), and providers change models with no changelog.
Verispect proves yours isn't drifting/biased in 1 line of code — we never see your data.
Free 5-min snapshot of your model? https://verispectai.com/founding

— Ajay, Verispect · https://verispectai.com/founding?unsub=d99a6405fd to opt out",Aspire runs LLMs in your LLM-driven decisions; that's high-risk under the EU AI Act from Aug 2026. Built Verispect to prove a model isn't biased/drifting in 1 line (we never see your data). Worth connecting?,"thanks! quick + real: Aug 2026 the AI Act needs your your LLM-driven decisions model to prove no bias/drift. Verispect does it in one line, we never see your data.
free 5-min snapshot of Aspire's model? just your real numbers, no pitch."
17a4d597f8,Beehive,,,False,Fintech,1,ai act · Beehive,"Beehive's LLM for your LLM-driven decisions is high-risk under the EU AI Act (live Aug 2026), and providers change models with no changelog.
Verispect proves yours isn't drifting/biased in 1 line of code — we never see your data.
Free 5-min snapshot of your model? https://verispectai.com/founding

— Ajay, Verispect · https://verispectai.com/founding?unsub=17a4d597f8 to opt out",Beehive runs LLMs in your LLM-driven decisions; that's high-risk under the EU AI Act from Aug 2026. Built Verispect to prove a model isn't biased/drifting in 1 line (we never see your data). Worth connecting?,"thanks! quick + real: Aug 2026 the AI Act needs your your LLM-driven decisions model to prove no bias/drift. Verispect does it in one line, we never see your data.
free 5-min snapshot of Beehive's model? just your real numbers, no pitch."
91255eb84d,Lendo,,,False,Fintech,1,ai act · Lendo,"Lendo's LLM for your LLM-driven decisions is high-risk under the EU AI Act (live Aug 2026), and providers change models with no changelog.
Verispect proves yours isn't drifting/biased in 1 line of code — we never see your data.
Free 5-min snapshot of your model? https://verispectai.com/founding

— Ajay, Verispect · https://verispectai.com/founding?unsub=91255eb84d to opt out",Lendo runs LLMs in your LLM-driven decisions; that's high-risk under the EU AI Act from Aug 2026. Built Verispect to prove a model isn't biased/drifting in 1 line (we never see your data). Worth connecting?,"thanks! quick + real: Aug 2026 the AI Act needs your your LLM-driven decisions model to prove no bias/drift. Verispect does it in one line, we never see your data.
free 5-min snapshot of Lendo's model? just your real numbers, no pitch."
803250a182,Tookitaki,,,False,Fintech,1,ai act · Tookitaki,"Tookitaki's LLM for your LLM-driven decisions is high-risk under the EU AI Act (live Aug 2026), and providers change models with no changelog.
Verispect proves yours isn't drifting/biased in 1 line of code — we never see your data.
Free 5-min snapshot of your model? https://verispectai.com/founding

— Ajay, Verispect · https://verispectai.com/founding?unsub=803250a182 to opt out",Tookitaki runs LLMs in your LLM-driven decisions; that's high-risk under the EU AI Act from Aug 2026. Built Verispect to prove a model isn't biased/drifting in 1 line (we never see your data). Worth connecting?,"thanks! quick + real: Aug 2026 the AI Act needs your your LLM-driven decisions model to prove no bias/drift. Verispect does it in one line, we never see your data.
free 5-min snapshot of Tookitaki's model? just your real numbers, no pitch."
08c0e66854,Cynopsis,,,False,Fintech,1,ai act · Cynopsis,"Cynopsis's LLM for your LLM-driven decisions is high-risk under the EU AI Act (live Aug 2026), and providers change models with no changelog.
Verispect proves yours isn't drifting/biased in 1 line of code — we never see your data.
Free 5-min snapshot of your model? https://verispectai.com/founding

— Ajay, Verispect · https://verispectai.com/founding?unsub=08c0e66854 to opt out",Cynopsis runs LLMs in your LLM-driven decisions; that's high-risk under the EU AI Act from Aug 2026. Built Verispect to prove a model isn't biased/drifting in 1 line (we never see your data). Worth connecting?,"thanks! quick + real: Aug 2026 the AI Act needs your your LLM-driven decisions model to prove no bias/drift. Verispect does it in one line, we never see your data.
free 5-min snapshot of Cynopsis's model? just your real numbers, no pitch."
d9099742ce,Bolttech,,,False,Insurtech,1,art. 72 proof · Bolttech,"Art. 72 + 10 of the AI Act (Aug 2026) need Bolttech to *evidence* bias + drift monitoring for your LLM-driven decisions. Policy's easy; live proof isn't.
Verispect auto-generates it, article-mapped — and never sees your data (hashes + vectors only).
Want the sample report + a free snapshot? https://verispectai.com/founding

— Ajay, Verispect · https://verispectai.com/founding?unsub=d9099742ce to opt out",Bolttech runs LLMs in your LLM-driven decisions; that's high-risk under the EU AI Act from Aug 2026. Built Verispect to prove a model isn't biased/drifting in 1 line (we never see your data). Worth connecting?,"thanks! quick + real: Aug 2026 the AI Act needs your your LLM-driven decisions model to prove no bias/drift. Verispect does it in one line, we never see your data.
free 5-min snapshot of Bolttech's model? just your real numbers, no pitch."
2eb90a6054,Hala (Addenda),,,False,Insurtech,1,art. 72 proof · Hala (Addenda),"Art. 72 + 10 of the AI Act (Aug 2026) need Hala (Addenda) to *evidence* bias + drift monitoring for your LLM-driven decisions. Policy's easy; live proof isn't.
Verispect auto-generates it, article-mapped — and never sees your data (hashes + vectors only).
Want the sample report + a free snapshot? https://verispectai.com/founding

— Ajay, Verispect · https://verispectai.com/founding?unsub=2eb90a6054 to opt out",Hala (Addenda) runs LLMs in your LLM-driven decisions; that's high-risk under the EU AI Act from Aug 2026. Built Verispect to prove a model isn't biased/drifting in 1 line (we never see your data). Worth connecting?,"thanks! quick + real: Aug 2026 the AI Act needs your your LLM-driven decisions model to prove no bias/drift. Verispect does it in one line, we never see your data.
free 5-min snapshot of Hala (Addenda)'s model? just your real numbers, no pitch."
c601d5967d,Yallacompare,,,False,Insurtech,1,art. 72 proof · Yallacompare,"Art. 72 + 10 of the AI Act (Aug 2026) need Yallacompare to *evidence* bias + drift monitoring for your LLM-driven decisions. Policy's easy; live proof isn't.
Verispect auto-generates it, article-mapped — and never sees your data (hashes + vectors only).
Want the sample report + a free snapshot? https://verispectai.com/founding

— Ajay, Verispect · https://verispectai.com/founding?unsub=c601d5967d to opt out",Yallacompare runs LLMs in your LLM-driven decisions; that's high-risk under the EU AI Act from Aug 2026. Built Verispect to prove a model isn't biased/drifting in 1 line (we never see your data). Worth connecting?,"thanks! quick + real: Aug 2026 the AI Act needs your your LLM-driven decisions model to prove no bias/drift. Verispect does it in one line, we never see your data.
free 5-min snapshot of Yallacompare's model? just your real numbers, no pitch."
9ca8dd586d,Anyfin,,,False,Fintech,1,ai act · Anyfin,"Anyfin's LLM for your LLM-driven decisions is high-risk under the EU AI Act (live Aug 2026), and providers change models with no changelog.
Verispect proves yours isn't drifting/biased in 1 line of code — we never see your data.
Free 5-min snapshot of your model? https://verispectai.com/founding

— Ajay, Verispect · https://verispectai.com/founding?unsub=9ca8dd586d to opt out",Anyfin runs LLMs in your LLM-driven decisions; that's high-risk under the EU AI Act from Aug 2026. Built Verispect to prove a model isn't biased/drifting in 1 line (we never see your data). Worth connecting?,"thanks! quick + real: Aug 2026 the AI Act needs your your LLM-driven decisions model to prove no bias/drift. Verispect does it in one line, we never see your data.
free 5-min snapshot of Anyfin's model? just your real numbers, no pitch."
